WordEnglish;WordTranscript
Death;-P-S-R-
Ear;-L-M-KH-
Eye;-B-L-
Hand;-N-P-
I;-S-
Name;-KH-Z-
Night;-C-KH-
Nose;-P-N-C-
Sun;-M-R-
Tongue;-B-Z-
Tooth;-KH-P-C-
Two;-B-
Water;-Z-
Who;-D-
Wind;-P-SH-
You (thou);-W-
Death;-L-N-
Ear;-T-KH-K-M-
Eye;-N-
Four;-P-L-
Hand;-J-
I;-S-
Name;-C-
Night;-CH-SH-
Nose;-P-
Sun;-T-G-
Three;-SH-
Tongue;-B-Z-G-
Tooth;-C-
Two;-T-
Water;-P-S-
Who;-KH-T-
Wind;-ZH-
You (thou);-W-
Death;-M-T-
Ear;-T-
Eye;-N-T-
Four;-F-R-
Hand;-G-B-
I;-N-
Name;-M-G-
Night;-B-R-
Nose;-S-N-
Sun;-R-
Three;-S-D-H-
Tongue;-R-B-
Tooth;-M-D-N-
Two;-N-M-
Water;-L-
Who;-J-
Wind;-H-H-J-
You (thou);-S-N-
Death;-D-D-
Ear;-R-
Eye;-KH-
Four;-F-R-
Hand;-H-N-D-
I;-K-
Name;-N-M-
Night;-N-KH-
Nose;-N-S-
Sun;-S-N-
Three;-D-R-
Tongue;-T-N-G-
Tooth;-T-N-D-
Two;-T-W-
Water;-V-T-R-
Who;-V-
Wind;-V-N-D-
You (thou);-J-
Death;-R-J-
Ear;-K-S-R-
Eye;-S-K-
Four;-N-
Hand;-T-K-
I;-K-
Name;-R-
Night;-K-N-
Nose;-T-
Sun;-C-P-
Three;-R-
Tongue;-P-R-N-P-
Tooth;-N-M-K-
Two;-T-
Water;-W-K-
Who;-N-N-
Wind;-R-R-
You (thou);-N-
Death;-V-D-
Ear;-V-SH-
Eye;-S-N-
Four;-K-T-R-
Hand;-D-R-
I;-N-
Name;-M-N-
Night;-N-T-
Nose;-N-D-
Sun;-D-L-
Three;-T-R-
Tongue;-G-H-
Tooth;-D-M-B-
Two;-D-
Water;-J-
Who;-K-SH-
Wind;-R-
You (thou);-J-
Death;-V-D-
Ear;-V-SH-
Eye;-S-
Four;-K-T-R-
Hand;-D-R-
I;-N-
Name;-M-R-
Night;-N-T-
Nose;-H-N-D-
Sun;-D-L-
Three;-T-R-
Tongue;-G-H-
Tooth;-D-M-B-
Two;-D-
Water;-J-
Who;-K-SH-
Wind;-R-
You (thou);-T-
Death;-S-H-
Ear;-T-T-S-KH-
Eye;-D-KH-
Four;-S-CH-N-
Hand;-CH-KH-N-
I;-T-N-
Name;-S-KH-
Night;-M-H-
Nose;-N-S-KH-
Sun;-KH-TH-
Three;-K-N-K-N-
Tongue;-H-N-
Tooth;-K-H-S-
Two;-L-KH-
Water;-T-N-KH-
Who;-K-N-
Wind;-CH-N-L-
You (thou);-T-H-N-
Death;-L-M-
Ear;-K-L-K-
Eye;-K-S-
Four;-T-R-T-
Hand;-K-L-
I;-M-N-
Name;-D-
Night;-T-N-
Nose;-T-M-CH-K-
Sun;-K-N-
Three;-CH-
Tongue;-T-L-
Tooth;-T-SH-
Two;-K-
Water;-S-
Who;-K-M-
Wind;-S-L-K-N-
You (thou);-S-N-
Death;-M-T-
Ear;-ZH-R-
Eye;-N-
Four;-R-T-
Hand;-ZH-
I;-N-
Name;-S-M-
Night;-L-L-T-
Nose;-F-N-CH-
Sun;-C-H-J-
Three;-S-S-T-
Tongue;-M-L-S-
Tooth;-T-R-S-
Two;-H-L-T-
Water;-W-H-
Who;-M-N-
Wind;-N-F-S-
You (thou);-N-T-
Death;-M-T-
Ear;-Z-N-
Eye;-7-N-
Four;-R-B-
Hand;-J-D-
I;-N-
Name;-S-M-
Night;-L-L-
Nose;-N-F-
Sun;-SH-M-S-
Three;-TH-L-TH-
Tongue;-L-S-N-
Tooth;-S-N-
Two;-TH-N-N-
Water;-M-
Who;-M-N-
Wind;-R-H-
You (thou);-N-T-
Death;-M-TH-
Ear;-Z-N-
Eye;-J-N-
Four;-R-B-
Hand;-D-
I;-N-
Name;-SH-M-
Night;-L-L-
Nose;-N-G-R-
Sun;-SH-M-SH-
Three;-T-L-TH-
Tongue;-L-SH-N-
Tooth;-SH-N-
Two;-T-R-N-
Water;-M-J-
Who;-M-N-
Wind;-R-H-
You (thou);-T-
Death;-V-D-
Ear;-V-SH-
Eye;-S-N-
Four;-K-T-R-
Hand;-D-R-
I;-N-
Name;-M-N-
Night;-N-T-
Nose;-N-D-
Sun;-D-L-
Three;-T-R-
Tongue;-G-H-
Tooth;-L-M-B-
Two;-D-
Water;-J-T-
Who;-K-SH-
Wind;-V-R-
You (thou);-T-
Death;-M-R-N-
Ear;-K-N-
Eye;-CH-K-
Four;-CH-R-S-
Hand;-ZH-R-K-
I;-J-S-
Name;-N-N-
Night;-G-SH-R-
Nose;-K-T-
Sun;-R-V-
Three;-R-K-
Tongue;-L-Z-
Tooth;-T-M-
Two;-J-R-G-
Water;-ZH-R-
Who;-V-
Wind;-K-M-
You (thou);-D-
Death;-M-R-N-
Ear;-N-K-N-
Eye;-K-N-
Four;-CH-R-K-
Hand;-ZH-R-N-
I;-S-
Name;-N-N-
Night;-G-SH-R-
Nose;-N-CH-K-
Sun;-R-V-
Three;-R-K-
Tongue;-L-Z-W-
Tooth;-T-M-N-
Two;-R-K-
Water;-ZH-V-R-
Who;-#-
Wind;-H-L-M-
You (thou);-D-
Death;-M-R-N-
Ear;-K-N-
Eye;-CH-K-
Four;-CH-R-S-
Hand;-ZH-R-K-
I;-S-
Name;-N-N-
Night;-G-SH-R-
Nose;-K-T-
Sun;-R-V-
Three;-R-K-
Tongue;-L-Z-
Tooth;-T-M-
Two;-R-K-
Water;-ZH-R-
Who;-V-
Wind;-K-M-
You (thou);-D-
Death;-M-R-
Ear;-K-N-
Eye;-S-K-
Four;-S-R-
Hand;-H-T-
I;-M-
Name;-N-M-
Night;-R-T-
Nose;-N-K-
Sun;-KH-R-Z-
Three;-T-N-
Tongue;-Z-B-
Tooth;-D-T-
Two;-D-
Water;-P-N-
Who;-K-N-
Wind;-B-TH-
You (thou);-T-M-
Death;-M-T-
Ear;-Z-N-
Eye;-N-
Four;-R-B-
Hand;-K-T-
I;-N-K-
Name;-SH-M-
Night;-M-SH-
Nose;-P-
Sun;-SH-M-SH-
Three;-SH-L-SH-
Tongue;-L-SH-N-
Tooth;-SH-N-
Two;-SH-N-
Water;-M-
Who;-M-N-
Wind;-SH-R-
You (thou);-T-
Death;-KH-V-Z-
Ear;-KH-N-
Eye;-B-R-
Four;-N-K-
Hand;-K-V-R-
I;-D-N-
Name;-C-R-
Night;-S-R-D-
Nose;-M-KH-R-
Sun;-B-K-
Three;-L-B-G-
Tongue;-M-C-
Tooth;-C-
Two;-K-G-
Water;-L-M-
Who;-CH-V-
Wind;-G-R-
You (thou);-M-N-
Death;-M-R-T-
Ear;-G-SH-
Eye;-CH-SH-M-
Four;-CH-T-R-
Hand;-Z-S-T-
I;-Z-M-
Name;-N-M-
Night;-KH-SH-P-
Nose;-N-N-H-
Sun;-H-R-
Three;-TH-R-
Tongue;-H-Z-V-
Tooth;-D-N-T-
Two;-D-V-
Water;-P-
Who;-K-
Wind;-V-T-
You (thou);-T-
Death;-L-M-
Ear;-K-L-K-
Eye;-G-Z-
Four;-D-R-D-
Hand;-L-
I;-M-N-
Name;-D-
Night;-G-ZH-
Nose;-B-R-N-
Sun;-G-N-SH-
Three;-CH-
Tongue;-D-L-
Tooth;-D-SH-
Two;-K-
Water;-S-
Who;-K-M-
Wind;-J-L-
You (thou);-S-N-
Death;-M-R-
Ear;-G-SH-
Eye;-CH-M-
Four;-CH-R-
Hand;-D-S-T-
I;-M-N-
Name;-N-M-
Night;-SH-V-
Nose;-F-N-Z-
Sun;-R-
Three;-S-
Tongue;-Z-V-N-
Tooth;-D-TH-N-
Two;-D-
Water;-P-
Who;-K-TH-N-
Wind;-G-V-T-
You (thou);-TH-
Death;-N-M-B-
Ear;-#-
Eye;-ZH-S-
Four;-N-
Hand;-W-
I;-M-
Name;-ZH-L-
Night;-N-
Sun;-ZH-P-
Three;-#-
Tongue;-H-L-M-B-
Two;-B-
Water;-M-L-P-
Who;-N-ZH-
Wind;-M-B-B-
You (thou);-W-
Death;-L-
Ear;-K-L-K-
Eye;-G-Z-
Four;-D-R-T-
Hand;-K-L-
I;-B-N-
Name;-D-
Night;-T-N-
Nose;-T-N-
Sun;-K-J-SH-
Three;-S-
Tongue;-T-L-
Tooth;-T-SH-
Two;-K-
Water;-S-
Who;-K-M-
Wind;-L-
You (thou);-H-N-
Death;-H-L-C-
Ear;-B-L-R-
Eye;-B-G-
Four;-L-
Hand;-S-K-
I;-N-Z-
Name;-Z-N-
Night;-G-
Nose;-S-D-R-
Sun;-G-Z-K-
Three;-H-R-
Tongue;-M-H-
Tooth;-H-R-C-
Two;-B-
Water;-R-
Who;-N-R-
Wind;-H-Z-
You (thou);-D-Z-
Death;-D-D-
Ear;-#-
Eye;-G-
Four;-F-R-
Hand;-H-N-T-
I;-J-
Name;-N-M-
Night;-N-H-D-
Nose;-N-S-N-
Sun;-S-N-
Three;-D-R-
Tongue;-C-N-G-
Tooth;-C-
Two;-C-V-
Water;-V-Z-
Who;-V-
Wind;-V-N-D-
You (thou);-D-
Death;-S-M-R-C-
Ear;-V-KH-
Eye;-V-K-
Four;-CH-T-R-
Hand;-R-K-
I;-J-
Name;-M-
Night;-N-CH-
Nose;-N-S-
Sun;-S-N-C-
Three;-T-R-
Tongue;-J-Z-K-
Tooth;-Z-B-
Two;-D-V-
Water;-V-D-
Who;-KH-T-
Wind;-V-C-R-
You (thou);-T-
Death;-K-F-W-
Ear;-K-T-W-
Eye;-L-N-S-
Four;-N-
I;-N-
Name;-SH-N-
Night;-B-SH-K-
Nose;-M-N-
Sun;-K-S-B-
Three;-T-T-
Tongue;-L-L-M-
Tooth;-L-N-
Two;-B-L-
Water;-M-N-SH-
Who;-N-N-
Wind;-M-W-L-
You (thou);-W-
Death;-M-R-
Ear;-K-N-
Eye;-K-
Four;-C-R-
Hand;-H-T-
I;-M-
Name;-N-M-
Night;-R-T-
Nose;-N-K-
Sun;-S-R-ZH-
Three;-T-N-
Tongue;-ZH-B-
Tooth;-D-T-
Two;-D-
Water;-P-N-
Who;-K-
Wind;-B-
You (thou);-T-M-
Death;-M-R-B-
Ear;-K-N-
Eye;-KH-
Four;-C-R-
Hand;-H-TH-
I;-H-M-
Name;-N-M-
Night;-R-T-
Nose;-N-K-
Sun;-S-R-
Three;-T-N-
Tongue;-ZH-
Tooth;-D-T-
Two;-D-
Water;-P-N-
Who;-K-
Wind;-H-V-
You (thou);-T-
Death;-M-T-
Ear;-K-M-
Eye;-D-
Hand;-S-R-
I;-N-
Name;-S-N-K-
Night;-B-D-
Nose;-W-N-T-
Sun;-F-T-
Tongue;-L-S-
Tooth;-D-
Two;-B-D-
Water;-M-
You (thou);-K-
Death;-K-H-N-
Ear;-KH-F-
Eye;-KH-N-
Hand;-D-
I;-J-
Name;-P-N-
Night;-N-N-
Nose;-B-M-S-
Sun;-D-
Three;-M-S-T-
Tongue;-D-
Two;-R-T-
Water;-D-R-
Wind;-T-H-
You (thou);-N-
Death;-M-R-
Ear;-R-L-
Eye;-L-
Four;-K-T-R-
Hand;-M-N-
I;-#-
Name;-N-M-
Night;-N-CH-
Nose;-N-R-Z-
Sun;-S-L-
Three;-T-R-S-
Tongue;-L-N-G-
Tooth;-D-N-T-
Two;-D-S-
Water;-G-
Who;-K-M-
Wind;-V-N-T-
You (thou);-T-
Death;-M-R-
Ear;-S-K-R-N-
Eye;-L-G-D-
Four;-P-D-R-
Hand;-D-R-N-
I;-M-
Name;-H-N-
Night;-N-Z-
Nose;-F-R-
Sun;-H-L-
Three;-T-R-
Tongue;-T-D-
Tooth;-D-N-T-
Two;-D-
Water;-D-R-
Who;-P-
Wind;-G-N-T-
You (thou);-T-
Death;-S-M-R-T-
Ear;-KH-
Eye;-K-
Four;-CH-T-R-
Hand;-R-K-
I;-Z-
Name;-M-
Night;-N-CH-
Nose;-N-S-
Sun;-S-L-N-C-
Three;-T-R-
Tongue;-Z-K-
Tooth;-Z-B-
Two;-D-V-
Water;-V-D-
Who;-K-
Wind;-V-T-R-
You (thou);-T-
Death;-TH-
Ear;-N-
Eye;-M-S-
Four;-L-
Hand;-L-K-
I;-N-G-
Name;-M-N-
Night;-N-
Nose;-H-N-
Sun;-N-
Three;-S-M-
Tongue;-H-L-
Tooth;-TH-W-
Two;-H-N-
Water;-R-
Who;-B-TH-
Wind;-L-
You (thou);-N-N-
Death;-R-CH-M-
Ear;-T-M-L-
Eye;-L-CH-
Four;-W-L-T-
Hand;-R-N-
I;-J-
Name;-J-K-
Night;-TH-P-
Nose;-M-SH-
Sun;-S-
Three;-S-K-
Tongue;-J-M-S-
Tooth;-M-
Two;-L-T-N-
Water;-C-L-
Who;-M-N-
Wind;-T-SH-
You (thou);-N-
Death;-KH-
Ear;-SH-KH-
Eye;-N-D-
Four;-D-R-B-
Hand;-G-R-
I;-B-
Name;-N-R-
Night;-H-N-
Nose;-KH-M-R-
Sun;-N-R-
Three;-G-R-B-
Tongue;-KH-L-
Tooth;-SH-D-
Two;-KH-J-R-
Water;-H-N-
Who;-KH-N-
Wind;-H-L-KH-
You (thou);-SH-
Death;-L-M-
Ear;-T-
Eye;-T-
Four;-P-
Hand;-N-K-
I;-K-
Nose;-T-N-
Three;-T-
Tongue;-L-N-
Tooth;-SH-N-
Two;-SH-
Water;-N-
Who;-N-
Wind;-L-
You (thou);-M-
Death;-M-R-
Ear;-R-L-
Eye;-L-
Four;-K-T-R-
Hand;-M-
I;-ZH-
Name;-N-M-
Night;-N-T-
Nose;-N-S-
Sun;-S-L-
Three;-T-R-S-
Tongue;-L-N-G-
Tooth;-D-N-T-
Two;-D-S-
Water;-G-
Who;-K-
Wind;-V-N-T-
You (thou);-T-
Death;-M-M-T-
Ear;-G-D-L-G-
Eye;-M-T-
Four;-P-T-
Hand;-K-M-T-
I;-K-
Name;-N-G-L-N-
Night;-G-B-
Nose;-L-N-G-
Sun;-D-L-
Three;-T-L-
Tongue;-D-L-
Tooth;-N-G-P-N-
Two;-D-H-
Water;-T-B-G-
Who;-N-G-
Wind;-H-N-G-
You (thou);-K-W-
Death;-D-L-
Ear;-L-R-G-
Eye;-B-R-G-
Four;-D-
Hand;-K-
I;-S-
Name;-C-
Night;-B-S-
Nose;-M-R-
Sun;-M-L-KH-
Three;-K-
Tongue;-M-T-
Tooth;-C-R-G-
Two;-SH-
Water;-KH-
Who;-M-L-
Wind;-M-H-
You (thou);-KH-
Death;-S-
Ear;-ZH-Z-
Eye;-N-G-N-
Four;-S-
Hand;-S-
I;-N-G-
Name;-M-N-
Night;-J-
Nose;-B-
Sun;-T-J-N-
Three;-S-M-
Tongue;-L-
Tooth;-N-G-
Two;-ZH-
Water;-S-
Who;-B-N-G-
Wind;-F-N-
You (thou);-N-
Death;-S-
Ear;-R-D-
Eye;-J-N-
Four;-S-
Hand;-SH-
I;-W-
Name;-M-N-
Night;-J-
Nose;-B-Z-
Sun;-T-J-N-
Three;-S-N-
Tongue;-SH-
Tooth;-J-CH-
Two;-R-
Water;-SH-
Who;-SH-
Wind;-F-N-
You (thou);-N-
Death;-V-L-
Ear;-KH-L-KH-
Eye;-K-CH-
Four;-T-V-T-
Hand;-L-
I;-P-
Name;-T-
Night;-K-CH-
Nose;-S-M-S-
Sun;-KH-V-L-
Three;-V-CH-
Tongue;-CH-L-KH-
Tooth;-SH-L-
Two;-K-
Water;-SH-
Who;-K-M-
Wind;-CH-L-
You (thou);-S-
Death;-W-F-T-
Ear;-SH-SH-
Eye;-D-Z-C-
Four;-N-
Hand;-M-H-N-
I;-M-
Name;-D-Z-N-
Night;-M-S-H-
Sun;-ZH-
Three;-N-D-R-R-
Tongue;-L-M-
Two;-M-B-L-
Water;-M-ZH-
Who;-N-D-
Wind;-P-P-
You (thou);-W-
Death;-M-
Eye;-B-L-
Four;-F-T-
Hand;-ZH-ZH-
I;-N-K-
Name;-R-N-
Night;-ZH-W-R-H-
Sun;-R-
Three;-SH-M-T-
Two;-S-N-
Water;-M-
Who;-N-M-
Wind;-TH-
You (thou);-N-T-K-
Death;-M-R-
Ear;-S-K-R-N-
Eye;-L-G-S-
Four;-P-D-R-
Hand;-D-R-N-
I;-M-
Name;-H-N-
Night;-N-S-W-TH-
Nose;-F-R-D-G-
Sun;-H-L-
Three;-T-R-
Tongue;-T-V-
Tooth;-D-N-Z-
Two;-D-
Water;-D-R-
Who;-P-
Wind;-G-N-S-
You (thou);-T-
Death;-S-M-R-T-
Ear;-KH-
Eye;-K-
Four;-CH-T-R-
Hand;-R-K-
I;-J-
Name;-M-
Night;-N-CH-
Nose;-N-S-
Sun;-S-N-C-
Three;-T-R-
Tongue;-J-Z-K-
Tooth;-Z-B-
Two;-D-V-
Water;-V-D-
Who;-T-K-
Wind;-V-T-R-
You (thou);-T-
Death;-S-M-R-T-
Ear;-KH-
Eye;-K-
Four;-CH-T-R-
Hand;-R-K-
I;-J-
Name;-J-M-N-
Night;-N-C-
Nose;-N-S-
Sun;-S-L-N-C-
Three;-T-R-
Tongue;-J-Z-K-
Tooth;-Z-B-
Two;-D-V-
Water;-V-D-
Who;-K-D-
Wind;-V-T-R-
You (thou);-T-
Death;-M-R-
Ear;-R-K-L-
Eye;-V-K-L-
Hand;-M-N-
I;-J-
Name;-N-M-
Night;-N-T-
Nose;-N-S-
Sun;-S-L-
Tongue;-L-N-G-
Tooth;-D-N-T-
Two;-D-
Water;-K-
Who;-K-
Wind;-V-N-T-
Death;-D-D-
Ear;-R-
Eye;-J-
Four;-F-R-
Hand;-H-N-D-
I;-J-G-
Name;-N-V-N-
Night;-N-T-
Nose;-N-S-
Sun;-S-L-
Three;-T-R-
Tongue;-T-N-G-
Tooth;-T-N-D-
Two;-T-
Water;-V-N-D-
Who;-V-M-
Wind;-V-N-D-
You (thou);-D-
Death;-B-K-
Ear;-L-P-
Eye;-7-L-
Hand;-N-K-
I;-D-
Name;-Z-
Night;-D-KH-
Nose;-K-K-
Sun;-B-R-
Tongue;-M-C-
Tooth;-C-L-
Two;-K-
Water;-H-N-
Who;-CH-
Wind;-CH-J-N-
You (thou);-7-
Death;-M-R-V-N-
Ear;-K-N-F-
Eye;-L-
Four;-H-TH-R-H-
Hand;-J-TH-L-
I;-M-
Name;-N-N-
Night;-R-
Nose;-N-F-J-
Sun;-R-
Three;-TH-N-H-
Tongue;-D-
Tooth;-D-
Two;-D-H-
Water;-F-N-
Who;-K-
Wind;-V-
You (thou);-K-L-
Death;-SH-B-
Ear;-J-
Eye;-B-
Hand;-K-CH-
I;-J-N-
Name;-S-M-
Night;-G-T-
Nose;-S-N-
Sun;-CH-ZH-
Tongue;-J-B-L-
Tooth;-ZH-
Two;-T-G-N-
Water;-J-
You (thou);-T-
Death;-K-W-D-
Ear;-T-
Eye;-D-S-
Four;-N-
Hand;-D-
I;-N-
Name;-D-N-
Night;-B-L-
Sun;-W-
Three;-L-L-
Tongue;-B-W-M-B-
Two;-B-
Water;-M-D-B-
Who;-N-ZH-
Wind;-N-G-
You (thou);-W-
Death;-D-D-
Ear;-R-
Eye;-KH-
Four;-F-R-
Hand;-H-N-D-
I;-K-
Name;-N-M-
Night;-N-KH-T-
Nose;-N-S-
Sun;-Z-N-
Three;-D-R-
Tongue;-T-N-G-
Tooth;-T-N-D-
Two;-T-V-
Water;-V-T-R-
Who;-V-
Wind;-V-N-D-
You (thou);-J-
Death;-H-L-B-
Ear;-S-R-
Eye;-L-T-
Hand;-SH-M-SH-
I;-H-
Name;-H-SH-
Night;-SH-T-M-
Nose;-SH-M-
Sun;-N-H-T-
Three;-Z-T-
Tongue;-T-T-
Tooth;-S-H-
Two;-M-R-
Water;-Z-L-
Who;-K-
Wind;-M-G-
You (thou);-N-
Death;-D-TH-
Ear;-R-
Eye;-J-
Four;-F-R-
Hand;-H-N-D-
I;-J-
Name;-N-M-
Night;-N-T-
Nose;-N-S-
Sun;-S-N-
Three;-TH-R-
Tongue;-T-N-G-
Tooth;-T-TH-
Two;-T-
Water;-W-T-R-
Who;-W-
Wind;-W-N-D-
You (thou);-TH-
Death;-S-R-M-
Ear;-K-R-V-
Eye;-S-L-M-
Four;-N-L-
Hand;-K-S-
I;-M-N-
Name;-N-M-
Night;-#-
Nose;-N-N-
Sun;-P-K-
Three;-K-L-M-
Tongue;-K-L-
Tooth;-H-M-S-
Two;-K-K-S-
Water;-V-S-
Who;-K-S-
Wind;-T-L-
You (thou);-S-
Death;-L-P-
Ear;-R-
Eye;-S-M-N-SH-
Four;-SH-
Hand;-S-L-
I;-M-
Name;-L-M-
Sun;-SH-L-
Three;-C-
Two;-Z-L-
Water;-TH-
You (thou);-TH-
Death;-B-R-
Ear;-S-N-
Eye;-N-S-L-
Hand;-N-L-
I;-M-
Name;-G-R-B-
Night;-D-L-B-
Nose;-P-R-
Sun;-S-N-
Tongue;-N-
Tooth;-H-K-T-
Two;-J-R-
Water;-M-
Who;-N-
Wind;-KH-N-
You (thou);-S-
Death;-D-TH-
Ear;-R-
Eye;-G-
Four;-F-R-
Hand;-H-N-D-
I;-G-
Name;-N-V-N-
Night;-N-T-
Nose;-N-S-
Sun;-S-L-
Three;-T-R-G-R-
Tongue;-T-N-G-
Tooth;-T-N-
Two;-T-V-R-
Water;-V-T-N-
Who;-H-V-R-
Wind;-V-N-D-
You (thou);-T-
Death;-K-L-
Ear;-K-R-V-
Eye;-S-L-M-
Four;-N-L-
Hand;-K-S-
I;-M-N-
Name;-N-M-
Night;-#-
Nose;-N-N-
Sun;-R-N-K-
Three;-K-L-M-
Tongue;-K-L-
Tooth;-H-M-S-
Two;-K-K-S-
Water;-V-S-
Who;-K-K-
Wind;-T-L-
You (thou);-S-N-
Death;-D-D-
Ear;-R-
Eye;-KH-
Four;-F-R-
Hand;-H-N-D-
I;-K-
Name;-N-M-
Night;-N-KH-T-
Nose;-N-S-
Sun;-Z-N-
Three;-D-R-
Tongue;-T-N-G-
Tooth;-T-N-D-
Two;-T-V-
Water;-V-T-R-
Who;-V-
Wind;-V-N-D-
You (thou);-KH-
Death;-M-R-
Ear;-R-J-
Eye;-J-
Four;-K-T-R-
Hand;-M-
I;-ZH-
Name;-N-M-
Night;-N-T-
Nose;-N-Z-
Sun;-S-L-J-
Three;-T-R-
Tongue;-L-N-G-
Tooth;-D-N-T-
Two;-D-
Water;-#-
Who;-K-
Wind;-V-N-T-
You (thou);-T-
Death;-M-
Ear;-Z-H-W-
Eye;-Z-
Four;-K-T-
Hand;-L-M-
I;-M-W-
Name;-N-
Night;-N-W-T-
Nose;-N-
Sun;-S-L-J-
Three;-TH-W-
Tongue;-L-N-
Tooth;-D-
Two;-D-
Water;-D-L-
Who;-K-
Wind;-V-
You (thou);-W-
Death;-M-
Ear;-Z-R-
Eye;-Z-
Four;-K-T-
Hand;-L-M-
I;-M-W-
Name;-N-
Night;-N-W-T-
Nose;-N-
Sun;-S-L-J-
Three;-T-W-
Tongue;-L-N-
Tooth;-D-
Two;-D-
Water;-D-L-
Who;-K-M-N-
Wind;-V-
You (thou);-#-
Death;-D-
Ear;-R-
Eye;-J-KH-
Four;-F-R-
Hand;-H-N-
I;-K-
Name;-N-M-
Night;-N-KH-T-
Nose;-N-S-
Sun;-S-N-
Three;-T-R-
Tongue;-T-N-G-
Tooth;-T-S-K-
Two;-T-W-
Water;-V-T-R-
Who;-V-
Wind;-V-N-
You (thou);-D-
Death;-M-R-
Ear;-R-L-
Eye;-V-L-
Four;-K-T-R-
Hand;-M-N-
I;-J-
Name;-N-N-
Night;-N-T-
Nose;-N-S-
Sun;-S-R-L-
Three;-T-R-
Tongue;-L-N-G-
Tooth;-D-N-T-
Two;-D-
Water;-G-
Who;-K-
Wind;-V-N-T-
You (thou);-T-
Death;-M-D-
Ear;-N-P-
Eye;-J-T-R-
Four;-N-J-
Hand;-ZH-N-G-
I;-M-
Name;-N-D-
Night;-ZH-M-
Nose;-K-N-
Sun;-N-N-G-
Three;-T-T-
Tongue;-D-M-N-L-
Tooth;-N-R-
Two;-D-D-
Water;-N-D-J-M-
Who;-M-ZH-
Wind;-H-N-D-
You (thou);-N-
Death;-M-R-
Ear;-R-L-
Eye;-L-
Four;-K-T-R-
Hand;-M-N-
I;-J-
Name;-N-M-
Night;-N-T-
Nose;-N-R-Z-
Sun;-S-L-
Three;-T-R-S-
Tongue;-L-N-G-
Tooth;-D-N-T-
Two;-D-S-
Water;-G-
Who;-K-
Wind;-V-N-T-
You (thou);-T-
Ear;-S-
Eye;-D-R-K-
Four;-P-T-R-
Hand;-L-M-
I;-M-
Name;-N-N-
Night;-N-KH-T-
Nose;-S-R-N-
Sun;-S-N-
Three;-T-R-
Tongue;-T-N-G-
Two;-D-
Water;-D-B-R-
You (thou);-T-
Death;-M-T-
Ear;-Z-N-
Eye;-N-
Four;-R-B-
Hand;-D-
I;-N-
Name;-S-M-
Night;-L-L-T-
Nose;-N-F-
Sun;-L-H-
Three;-SH-L-S-T-
Tongue;-L-S-N-
Tooth;-S-N-
Two;-K-L-T-
Water;-M-
Who;-M-N-
You (thou);-N-T-
Death;-P-L-N-
Ear;-P-
Eye;-T-
Four;-P-
Hand;-M-
I;-#-
Night;-V-
Nose;-T-
Sun;-L-
Three;-T-
Tongue;-M-
Tooth;-P-L-N-
Two;-S-
Water;-N-
Who;-N-
Wind;-V-
You (thou);-M-
Death;-S-K-V-D-
Ear;-K-R-
Eye;-T-V-L-
Four;-T-KH-
Hand;-KH-L-
I;-M-
Name;-G-V-R-
Night;-R-M-
Nose;-C-KH-V-R-
Sun;-M-Z-
Three;-S-M-
Tongue;-N-
Tooth;-K-B-L-
Two;-R-
Water;-C-K-L-
Who;-V-N-
Wind;-K-R-
You (thou);-SH-
Death;-T-T-
Ear;-R-
Eye;-G-
Four;-F-R-
Hand;-H-N-D-
I;-KH-
Name;-N-M-
Night;-N-KH-T-
Nose;-N-Z-
Sun;-Z-N-
Three;-D-R-
Tongue;-C-N-G-
Tooth;-C-N-
Two;-C-V-
Water;-V-S-R-
Who;-V-R-
Wind;-V-N-D-
You (thou);-D-
Death;-D-TH-
Ear;-S-
Eye;-G-
Four;-F-D-W-R-
Hand;-KH-N-D-
I;-K-
Name;-N-M-
Night;-N-KH-T-
Sun;-S-N-
Three;-TH-R-S-
Tongue;-T-N-G-
Tooth;-T-N-TH-
Two;-T-V-
Water;-V-T-
Who;-W-S-
Wind;-V-N-D-
You (thou);-TH-
Death;-P-TH-N-
Ear;-S-
Eye;-M-
Four;-T-S-R-
Hand;-KH-R-
I;-G-
Name;-N-M-
Night;-N-S-
Nose;-R-N-
Sun;-H-L-
Three;-T-R-
Tongue;-G-L-T-
Tooth;-D-S-
Two;-D-
Water;-D-R-
Who;-P-
Wind;-N-M-
You (thou);-S-
Death;-P-TH-N-
Ear;-T-
Eye;-M-T-
Four;-T-S-R-
Hand;-KH-R-
I;-G-
Name;-N-M-
Night;-N-KH-T-
Nose;-R-S-
Sun;-L-
Three;-T-R-
Tongue;-G-L-S-
Tooth;-D-N-T-
Two;-D-
Water;-N-R-
Who;-P-
Wind;-N-M-
You (thou);-S-
Death;-T-K-
Ear;-S-T-
Eye;-L-
Four;-S-M-T-
Hand;-T-K-
I;-R-
Name;-T-K-
Night;-N-K-
Nose;-K-N-K-
Sun;-S-K-K-
Three;-P-N-S-T-
Tongue;-T-T-T-
Tooth;-N-K-T-
Two;-M-R-T-T-
Water;-M-K-
Who;-K-
Wind;-N-R-S-K-
You (thou);-T-T-
Death;-T-K-
Ear;-S-T-
Eye;-S-
Four;-S-S-M-T-
Hand;-S-K-
I;-N-
Name;-T-K-
Night;-N-K-
Nose;-K-N-K-
Sun;-S-K-N-K-
Three;-P-N-S-T-
Tongue;-K-K-
Tooth;-K-H-T-
Two;-M-R-L-K-
Water;-M-K-
Who;-K-N-
Wind;-N-R-
You (thou);-L-T-
Death;-M-R-W-
Ear;-K-N-
Eye;-KH-
Four;-C-R-
Hand;-N-TH-
I;-H-
Name;-N-M-
Night;-R-T-
Nose;-N-K-
Sun;-S-R-D-
Three;-T-R-N-
Tongue;-ZH-B-
Tooth;-D-T-
Two;-B-
Water;-P-N-
Who;-K-N-
Wind;-P-V-N-
You (thou);-T-
Death;-M-R-P-
Ear;-K-N-
Eye;-J-K-
Four;-SH-T-R-
Hand;-V-S-T-
I;-M-
Name;-N-V-
Night;-R-T-
Nose;-N-K-
Sun;-KH-M-
Three;-T-R-N-
Tongue;-CH-B-
Tooth;-D-N-D-
Two;-D-
Water;-P-N-
Who;-K-N-
Wind;-B-L-V-L-
You (thou);-T-
Death;-M-T-
Ear;-K-N-
Eye;-D-
Four;-H-D-
Hand;-H-N-
I;-N-
Name;-S-N-
Night;-D-R-
Nose;-H-N-C-
Sun;-R-N-
Three;-K-
Tongue;-H-R-SH-
Tooth;-H-K-R-
Two;-B-J-
Water;-R-W-
Who;-W-N-D-
Wind;-S-K-
You (thou);-K-
Death;-M-V-T-
Ear;-Z-N-
Eye;-7-N-
Four;-R-B-
Hand;-J-D-
I;-N-
Name;-SH-M-
Night;-L-L-
Nose;-F-
Sun;-SH-M-SH-
Three;-SH-L-SH-
Tongue;-L-SH-N-
Tooth;-SH-N-
Two;-SH-T-J-M-
Water;-M-J-M-
Who;-M-
Wind;-R-KH-
You (thou);-T-
Death;-M-T-
Ear;-K-N-
Eye;-N-KH-
Four;-CH-R-
Hand;-H-TH-
I;-M-N-
Name;-N-M-
Night;-R-T-
Nose;-N-K-
Sun;-S-R-J-
Three;-T-N-
Tongue;-ZH-B-
Tooth;-D-N-T-
Two;-D-
Water;-P-N-
Who;-K-N-
Wind;-H-V-
You (thou);-T-
Death;-K-
Ear;-S-T-M-N-
Eye;-S-K-
Four;-M-J-W-
Hand;-K-S-R-
I;-K-
Name;-L-M-N-
Night;-SH-P-N-T-
Nose;-T-T-T-N-
Sun;-S-T-N-
Three;-T-R-S-
Tongue;-L-L-
Tooth;-G-G-
Two;-D-N-
Water;-V-T-R-
Who;-K-
Wind;-H-W-N-Z-
You (thou);-Z-K-
Death;-H-L-L-
Ear;-F-L-
Eye;-S-M-
Four;-N-G-
Hand;-K-Z-
I;-N-
Name;-N-V-
Night;-S-K-
Nose;-R-
Sun;-N-P-
Three;-H-R-M-
Tongue;-N-L-V-
Tooth;-F-G-
Two;-K-T-
Water;-V-Z-
Who;-K-
Wind;-S-L-
You (thou);-T-
Death;-L-L-
Ear;-N-
Eye;-SH-
Four;-T-M-N-
Hand;-SH-N-
I;-SH-
Name;-T-J-
Nose;-P-N-
Sun;-SH-M-G-
Three;-K-G-
Tongue;-R-D-
Tooth;-SH-R-N-
Two;-SH-N-
Water;-SH-
Who;-V-
You (thou);-F-
Death;-D-TH-
Ear;-R-
Eye;-G-
Four;-F-R-
Hand;-H-N-D-
I;-G-
Name;-N-F-N-
Night;-N-T-
Nose;-N-F-
Sun;-S-L-
Three;-TH-R-R-
Tongue;-T-N-G-
Tooth;-T-N-
Two;-T-V-R-
Water;-V-T-N-
Who;-H-V-R-
Wind;-V-N-D-
You (thou);-TH-
Death;-N-W-
Ear;-N-T-
Eye;-N-
Four;-N-
Hand;-L-
I;-M-
Name;-F-
Night;-B-L-
Nose;-M-
Sun;-N-ZH-
Three;-T-
Tongue;-R-
Tooth;-Z-
Two;-B-
Water;-M-R-
Who;-K-N-
Wind;-K-K-
You (thou);-G-
Death;-M-T-
Ear;-T-L-N-G-
Eye;-M-T-
Four;-M-P-T-
Hand;-T-N-G-N-
I;-S-J-
Night;-M-L-M-
Nose;-H-D-N-G-
Sun;-M-T-H-R-
Three;-T-G-
Tongue;-L-D-
Tooth;-G-G-
Two;-D-
Water;-R-
Who;-S-P-
Wind;-N-G-N-
You (thou);-G-K-
Death;-M-R-
Ear;-K-L-S-
Eye;-S-L-
Four;-K-TH-R-
Hand;-L-V-
I;-M-
Name;-N-M-
Night;-KH-
Nose;-S-R-N-
Sun;-G-R-N-
Three;-T-R-
Tongue;-T-N-G-
Tooth;-F-K-L-
Two;-D-
Water;-S-K-
Who;-K-
Wind;-G-TH-
You (thou);-T-
Ear;-G-L-
Eye;-C-M-
Four;-C-B-R-
Hand;-D-S-T-
I;-Z-
Name;-N-M-
Night;-S-B-
Sun;-R-M-S-
Three;-R-
Tongue;-Z-V-K-
Tooth;-D-N-D-
Two;-D-
Water;-V-L-
Who;-K-J-
Death;-M-R-
Ear;-R-K-L-
Eye;-K-L-
Four;-P-T-R-
Hand;-M-R-
I;-J-
Name;-N-M-
Night;-N-P-T-
Nose;-N-S-
Sun;-S-R-
Three;-T-R-
Tongue;-L-M-B-
Tooth;-D-N-T-
Two;-D-
Water;-P-
Who;-CH-R-
You (thou);-T-
Death;-M-R-
Ear;-R-K-
Eye;-K-
Four;-K-T-R-
Hand;-M-N-
I;-J-
Name;-N-M-
Night;-N-T-
Nose;-N-Z-
Sun;-S-L-
Three;-T-R-
Tongue;-L-N-G-
Tooth;-D-N-T-
Two;-D-
Water;-K-
Who;-K-
Wind;-V-N-T-
You (thou);-T-
Death;-SH-
Ear;-M-M-
Eye;-M-
Hand;-T-
I;-W-T-SH-
Name;-N-M-
Night;-J-R-
Nose;-H-N-
Tongue;-SH-T-
Tooth;-H-
Two;-N-
Water;-M-Z-
Who;-D-R-
Wind;-K-Z-
You (thou);-N-T-
Death;-M-T-
Ear;-K-P-N-G-
Eye;-M-T-
Four;-P-P-T-
Hand;-T-N-G-N-
I;-K-
Name;-N-G-G-N-
Night;-G-B-
Nose;-R-N-G-
Sun;-S-R-
Three;-T-L-
Tongue;-L-T-
Tooth;-B-L-K-
Two;-L-R-
Water;-D-N-M-
Who;-S-P-
Wind;-P-D-K-
You (thou);-K-W-
Death;-T-L-N-
Ear;-T-H-K-M-
Eye;-N-
Four;-P-L-
Hand;-J-
I;-S-
Name;-C-
Night;-ZH-SH-
Nose;-P-
Sun;-D-KH-
Three;-SH-
Tongue;-B-Z-G-
Tooth;-C-
Two;-T-
Water;-P-S-
Who;-KH-T-
Wind;-P-SH-
You (thou);-W-
Death;-M-T-
Ear;-M-Z-R-
Eye;-T-C-
Hand;-F-S-
I;-N-K-
Name;-S-M-
Night;-D-
Nose;-N-Z-R-
Sun;-C-ZH-
Tongue;-L-S-
Tooth;-T-M-S-T-
Two;-S-N-
Water;-M-N-
Who;-N-W-
Wind;-D-
You (thou);-K-CH-
Ear;-K-
Eye;-CH-
Four;-CH-V-
Hand;-B-Z-
I;-#-
Name;-N-M-
Night;-R-T-
Nose;-N-S-T-
Sun;-S-R-
Three;-T-R-
Tongue;-ZH-P-
Tooth;-D-N-
Two;-D-
Water;-K-
Who;-K-R-
Wind;-B-
You (thou);-T-
Death;-K-
Ear;-CH-K-N-
Eye;-N-D-N-
Four;-D-R-V-N-
Hand;-G-R-
I;-B-
Name;-N-R-
Night;-S-N-
Nose;-KH-M-R-
Sun;-N-R-N-
Three;-G-R-V-N-
Tongue;-K-L-
Tooth;-SH-D-N-
Two;-KH-J-R-
Water;-S-N-
Who;-K-N-
Wind;-S-L-K-N-
You (thou);-CH-
Death;-M-R-N-
Ear;-K-V-
Eye;-K-N-
Four;-N-L-K-
Hand;-K-J-
I;-N-N-
Name;-H-S-R-
Night;-R-T-R-
Nose;-M-G-
Sun;-S-R-J-
Three;-M-R-
Tongue;-N-L-G-
Tooth;-H-L-
Two;-R-D-
Water;-N-R-
Who;-J-R-
Wind;-G-L-
You (thou);-N-N-
Death;-K-L-
Ear;-K-R-V-
Eye;-S-L-M-
Four;-N-L-
Hand;-K-S-
I;-M-
Name;-N-M-
Night;-#-
Nose;-N-N-
Sun;-P-V-N-
Three;-K-L-M-
Tongue;-K-L-
Tooth;-H-M-S-
Two;-K-K-S-
Water;-V-S-
Who;-K-N-
Wind;-T-L-
You (thou);-S-
Death;-M-R-N-
Ear;-K-N-
Eye;-CH-
Four;-C-R-
Hand;-TH-
I;-B-
Name;-N-V-
Night;-R-TH-
Nose;-N-S-T-
Three;-T-R-
Tongue;-Z-V-
Tooth;-D-N-D-
Two;-Z-
Water;-P-N-
Who;-K-H-
Wind;-W-V-
You (thou);-C-
Death;-L-
Ear;-K-L-K-
Eye;-K-Z-
Four;-T-R-T-
Hand;-K-L-
I;-M-N-
Name;-T-
Night;-T-N-
Nose;-M-R-N-
Sun;-K-N-
Three;-SH-
Tongue;-T-L-
Tooth;-T-S-
Two;-K-
Water;-S-
Who;-K-M-
Wind;-ZH-L-
You (thou);-S-N-
Death;-K-R-
Ear;-G-D-
Eye;-D-S-
Hand;-H-N-
I;-T-
Name;-#-
Night;-S-
Nose;-L-N-
Sun;-#-
Tongue;-J-
Tooth;-T-
Two;-N-
Water;-L-
Who;-B-S-
Wind;-B-J-
You (thou);-#-
Death;-S-R-
Ear;-P-L-
Eye;-S-M-
Four;-N-L-
Hand;-K-T-
I;-M-
Name;-N-M-
Night;-T-
Nose;-N-L-
Sun;-KH-T-L-
Three;-K-L-M-
Tongue;-N-L-M-
Tooth;-P-N-K-
Two;-K-T-
Water;-J-N-K-
Who;-K-J-
Wind;-V-T-
You (thou);-N-N-
Death;-S-L-P-
Ear;-T-R-CH-K-
Eye;-P-N-K-
Four;-B-N-
Hand;-T-J-
I;-K-N-M-
Name;-C-M-H-
Night;-J-P-
Nose;-SH-R-M-
Sun;-T-N-
Three;-B-
Tongue;-N-D-T-
Tooth;-T-M-N-
Two;-P-
Water;-T-K-
Who;-N-N-
Wind;-K-L-
You (thou);-N-
Death;-B-R-
Ear;-K-R-
Eye;-G-CH-
Four;-CH-R-
Hand;-B-Z-
I;-W-
Name;-N-M-
Night;-CH-
Nose;-N-S-K-
Sun;-J-R-
Three;-T-R-
Tongue;-L-G-N-
Tooth;-D-N-
Two;-Z-
Water;-KH-
Who;-K-
Wind;-G-N-
You (thou);-T-
Ear;-H-T-
Eye;-J-
Four;-H-T-M-T-
Hand;-D-G-K-
I;-V-N-
Name;-T-K-
Nose;-K-N-K-
Three;-P-N-H-T-
Two;-M-L-R-K-
Water;-M-K-
Who;-K-N-
Wind;-N-R-
You (thou);-D-V-N-
Death;-K-V-N-
Ear;-P-L-
Eye;-S-N-
Four;-N-L-
Hand;-K-
I;-M-
Name;-N-M-
Night;-V-J-
Nose;-N-R-
Three;-K-M-
Tongue;-K-V-
Tooth;-P-N-
Two;-K-K-
Water;-V-
Who;-K-D-
Wind;-T-V-
You (thou);-T-
Death;-CH-G-M-
Ear;-K-W-
Eye;-N-N-
Four;-N-T-
Hand;-S-N-
I;-N-
Name;-R-M-
Night;-P-M-
Nose;-K-
Sun;-T-J-
Three;-S-T-
Tongue;-H-
Tooth;-S-K-S-
Two;-T-L-
Water;-M-L-
Who;-N-G-
Wind;-B-R-M-
You (thou);-N-
Death;-M-R-
Ear;-G-H-
Eye;-CH-V-
Four;-CH-R-
Hand;-D-S-T-
I;-Z-
Name;-N-V-
Night;-SH-V-
Nose;-D-F-N-
Sun;-R-ZH-
Three;-S-
Tongue;-Z-M-N-
Tooth;-D-D-N-
Two;-D-
Water;-V-
Who;-K-
Wind;-B-
You (thou);-T-
Death;-K-7-N-
Ear;-KH-B-D-
Eye;-KH-N-
Hand;-KH-K-
I;-N-
Night;-M-KH-
Nose;-M-
Sun;-B-R-
Tongue;-T-T-KH-
Two;-N-D-R-
Water;-M-
Wind;-T-K-
You (thou);-N-N-
Death;-L-
Ear;-K-L-K-
Eye;-K-Z-
Four;-T-R-T-
Hand;-K-L-
I;-M-N-
Name;-T-
Night;-T-N-
Nose;-M-R-N-
Sun;-K-N-
Three;-CH-
Tongue;-T-L-
Tooth;-T-SH-
Two;-K-
Water;-S-
Who;-K-M-
Wind;-ZH-L-
You (thou);-S-N-
Ear;-S-T-K-
Eye;-J-K-
Four;-S-T-M-T-
Hand;-G-K-
I;-V-K-
Name;-T-K-
Night;-N-K-
Nose;-K-N-K-
Sun;-S-K-N-K-
Three;-P-N-S-T-
Tongue;-K-K-
Tooth;-K-G-T-
Two;-M-G-K-
Water;-M-K-
Who;-K-N-
Wind;-N-G-K-
You (thou);-F-T-
Death;-M-R-
Ear;-R-L-
Eye;-L-
Four;-K-T-R-
Hand;-M-N-
I;-#-
Name;-N-M-
Night;-N-T-
Nose;-N-S-
Sun;-S-L-L-
Three;-T-R-S-
Tongue;-L-N-G-
Tooth;-D-N-T-
Two;-D-S-
Water;-V-
Who;-K-
Wind;-V-N-T-
You (thou);-T-
Death;-M-R-N-
Ear;-K-N-
Eye;-KH-
Four;-C-R-
Hand;-H-TH-
I;-M-
Name;-N-
Night;-R-T-
Nose;-N-K-
Sun;-S-R-
Three;-T-R-
Tongue;-ZH-B-
Tooth;-D-N-D-
Two;-D-
Water;-P-N-
Who;-K-N-
Wind;-H-V-
You (thou);-T-
Death;-L-T-L-
Ear;-V-CH-
Eye;-J-
Four;-D-
Hand;-K-
I;-N-
Name;-C-
Night;-KH-KH-
Nose;-M-J-
Sun;-B-R-G-
Three;-K-
Tongue;-M-Z-
Tooth;-K-R-CH-
Two;-K-V-
Water;-CH-N-
Who;-C-
Wind;-M-R-CH-
You (thou);-N-
Death;-T-
Ear;-H-
Eye;-T-
Four;-S-
Hand;-M-
I;-K-
Name;-S-
Night;-K-N-K-N-
Nose;-D-N-
Sun;-D-T-
Three;-S-M-
Tongue;-L-N-
Tooth;-K-W-
Two;-S-N-
Water;-N-M-
Who;-P-T-
Wind;-L-M-
You (thou);-M-N-
Death;-M-R-
Ear;-R-
Eye;-K-L-
Four;-K-T-R-
Hand;-M-N-
I;-G-
Name;-N-M-N-
Night;-N-K-S-
Nose;-N-R-S-
Sun;-S-L-
Three;-T-R-S-
Tongue;-L-N-G-
Tooth;-D-N-S-
Two;-D-
Water;-K-
Who;-K-
Wind;-V-N-T-
You (thou);-T-
Death;-M-R-S-T-
Ear;-S-
Eye;-C-
Four;-CH-T-R-
Hand;-R-K-
I;-S-
Name;-V-R-D-
Night;-N-K-C-
Nose;-D-G-S-
Sun;-S-L-
Three;-T-R-S-
Tongue;-M-L-
Tooth;-Z-B-
Two;-D-V-
Water;-D-N-
Who;-K-S-
Wind;-V-T-R-
You (thou);-T-
Death;-D-D-
Ear;-R-
Eye;-#-
Four;-F-R-
Hand;-H-N-D-
I;-KH-
Name;-N-M-
Night;-N-KH-T-
Nose;-N-S-
Sun;-S-N-
Three;-D-R-
Tongue;-Z-N-G-
Tooth;-C-N-T-
Two;-C-W-
Water;-V-S-R-
Who;-V-N-
Wind;-V-N-D-
You (thou);-D-
Death;-K-N-
Ear;-J-B-
Eye;-V-L-
Four;-K-D-
Hand;-G-L-
I;-Z-N-
Name;-T-V-R-
Night;-F-
Nose;-N-R-
Sun;-R-G-
Three;-P-D-
Tongue;-M-Z-
Tooth;-S-S-
Two;-K-V-D-
Water;-J-D-
Who;-V-ZH-
Wind;-G-R-
You (thou);-V-N-
Death;-M-R-T-
Ear;-S-
Eye;-K-
Four;-K-T-R-
Hand;-R-K-
I;-SH-
Name;-V-R-D-
Night;-N-K-T-
Nose;-N-S-
Sun;-S-L-
Three;-T-R-S-
Tongue;-L-ZH-V-
Tooth;-D-N-T-
Two;-D-
Water;-V-D-
Who;-K-S-
Wind;-V-T-R-
You (thou);-T-
Death;-W-L-T-
Ear;-T-M-N-
Eye;-T-W-
Four;-M-W-
Hand;-S-R-
I;-M-
Name;-T-M-N-Z-
Sun;-T-W-Z-
Three;-T-R-
Tongue;-L-L-
Water;-W-R-S-
Who;-K-
You (thou);-T-
Death;-L-T-
Eye;-T-W-
Hand;-Z-R-
I;-M-
Name;-D-M-
Three;-T-R-
Two;-K-B-
Who;-T-
Death;-S-M-R-T-
Ear;-V-
Eye;-K-
Four;-CH-T-R-
Hand;-R-K-
I;-J-S-
Name;-M-
Night;-N-CH-
Nose;-N-S-
Sun;-S-N-C-
Three;-T-R-
Tongue;-J-Z-K-
Tooth;-Z-B-
Two;-D-V-
Water;-V-D-
Who;-K-J-
Wind;-V-T-R-
You (thou);-T-
Death;-M-R-N-
Ear;-K-N-
Eye;-K-
Four;-C-R-
Hand;-H-T-
I;-H-M-
Name;-N-M-
Night;-R-T-
Nose;-N-K-
Sun;-S-R-
Three;-T-N-
Tongue;-ZH-B-
Tooth;-D-T-
Two;-D-
Water;-P-N-
Who;-K-N-
Wind;-H-V-
You (thou);-T-
Death;-M-T-
Ear;-S-F-N-
Eye;-M-S-
Four;-F-T-R-
Hand;-T-N-N-
I;-H-
Name;-N-R-N-
Night;-L-N-
Nose;-R-N-
Sun;-M-S-N-D-
Three;-T-L-
Tongue;-L-L-
Tooth;-N-F-
Two;-R-
Water;-R-N-
Who;-Z-
Wind;-R-V-T-R-
You (thou);-N-
Death;-M-R-N-M-
Ear;-C-V-
Eye;-K-N-
Four;-N-L-
Hand;-K-J-
I;-N-N-
Name;-P-R-
Night;-R-T-R-
Nose;-M-K-
Sun;-S-R-J-N-
Three;-M-N-
Tongue;-N-K-
Tooth;-P-L-
Two;-R-N-D-
Water;-N-R-
Who;-R-
Wind;-K-R-
You (thou);-N-
Death;-M-T-
Ear;-W-D-N-
Eye;-7-N-
Four;-R-B-
Hand;-D-
I;-J-N-
Name;-S-M-
Night;-L-L-
Nose;-M-N-KH-R-
Sun;-SH-M-SH-
Three;-T-L-T-
Tongue;-L-S-N-
Tooth;-S-N-
Two;-T-N-N-
Water;-L-M-
Who;-M-N-
Wind;-R-H-
You (thou);-N-T-
Death;-B-C-
Ear;-SH-N-
Eye;-J-S-
Four;-D-N-
Hand;-G-L-
I;-B-
Name;-G-B-
Night;-D-B-R-
Nose;-F-R-
Sun;-SH-N-
Three;-L-N-
Tongue;-L-N-G-
Tooth;-W-H-
Two;-J-W-
Water;-M-K-
Who;-W-
Wind;-D-N-
You (thou);-S-
Death;-KH-L-
Ear;-P-L-
Eye;-S-M-
Four;-N-L-
Hand;-K-T-
I;-M-
Name;-N-M-
Night;-T-
Nose;-N-L-
Sun;-KH-T-L-
Three;-KH-R-M-
Tongue;-N-L-M-
Tooth;-P-N-K-
Two;-K-T-
Water;-V-T-
Who;-KH-N-KH-
Wind;-V-T-
You (thou);-N-N-
Death;-M-T-
Ear;-T-R-G-
Eye;-M-T-
Four;-F-
Hand;-R-G-
I;-#-
Name;-G-
Night;-P-
Nose;-H-
Sun;-R-
Three;-T-R-
Tongue;-R-R-
Tooth;-N-H-
Two;-R-
Water;-W-
Who;-#-
Wind;-T-
You (thou);-#-
Death;-M-R-N-
Ear;-K-N-
Eye;-D-L-
Four;-T-R-
Hand;-H-T-
I;-M-
Name;-N-W-
Night;-R-T-R-
Nose;-N-K-
Sun;-S-R-
Three;-T-N-
Tongue;-ZH-B-
Tooth;-D-T-
Two;-D-N-
Water;-P-N-
Who;-K-N-
Wind;-H-V-
You (thou);-T-
Death;-K-L-M-SH-
Ear;-P-L-SH-
Eye;-SH-N-CH-
Four;-N-L-
Hand;-K-D-
I;-M-
Name;-L-M-
Night;-D-
Nose;-N-R-
Sun;-K-CH-
Three;-K-M-
Tongue;-L-M-
Tooth;-P-J-
Two;-K-K-
Water;-V-D-
Who;-K-
Wind;-M-R-D-ZH-
You (thou);-T-
Death;-M-R-
Ear;-K-N-
Eye;-KH-
Four;-CH-R-
Hand;-H-T-
I;-M-
Name;-B-N-M-
Night;-R-T-
Nose;-N-K-
Sun;-S-R-
Three;-T-N-
Tongue;-ZH-B-
Tooth;-D-T-
Two;-D-
Water;-P-N-
Who;-K-N-
Wind;-P-N-
You (thou);-T-
Death;-M-R-D-
Ear;-G-SH-
Eye;-CH-SH-M-
Four;-CH-H-R-
Hand;-D-S-T-
I;-Z-
Name;-N-M-
Night;-SH-B-
Nose;-V-N-G-
Sun;-KH-V-R-
Three;-S-
Tongue;-Z-V-N-
Tooth;-D-N-D-
Two;-D-
Water;-B-
Who;-K-SH-D-N-
Wind;-V-D-
You (thou);-T-
Death;-CH-T-
Ear;-K-T-
Eye;-M-T-
Four;-P-N-
Hand;-T-J-
I;-#-
Name;-C-M-
Night;-B-T-M-
Nose;-M-H-
Sun;-N-
Three;-P-
Tongue;-K-T-K-
Tooth;-N-K-
Two;-B-
Water;-D-K-
Who;-N-H-
Wind;-C-
You (thou);-P-H-
Death;-KH-L-
Ear;-CH-KH-
Eye;-N-D-
Four;-D-R-V-
Hand;-G-R-
I;-B-
Name;-N-R-
Night;-SH-N-
Nose;-KH-M-
Sun;-N-R-
Three;-G-R-V-
Tongue;-KH-L-
Tooth;-SH-D-
Two;-KH-R-
Water;-S-
Who;-KH-N-
Wind;-S-L-KH-
You (thou);-T-
Ear;-W-
Eye;-K-
Four;-K-T-R-
Hand;-K-
Nose;-R-
Three;-T-R-
Two;-D-V-
Water;-D-
Wind;-N-M-
Death;-SH-B-
Ear;-H-J-
Eye;-F-
Hand;-K-CH-
I;-N-
Name;-S-M-
Night;-G-T-
Nose;-S-N-
Sun;-SH-ZH-
Tongue;-J-L-B-
Tooth;-CH-
Two;-T-G-N-
Water;-H-J-
You (thou);-J-T-
Death;-KH-
Eye;-S-V-
I;-M-N-
Name;-N-M-
Nose;-N-R-
Tongue;-SH-
Two;-SH-CH-
Water;-V-T-
Who;-KH-B-
Death;-M-R-T-
Ear;-K-N-
Eye;-N-KH-
Four;-CH-R-
Hand;-H-T-
I;-M-
Name;-N-M-
Night;-R-T-
Nose;-N-K-
Sun;-S-R-
Three;-T-N-
Tongue;-ZH-V-R-
Tooth;-D-T-
Two;-D-
Water;-P-N-
Who;-K-
Wind;-B-T-S-
You (thou);-T-
Death;-D-D-
Ear;-R-
Eye;-J-
Four;-F-R-
Hand;-H-N-D-
I;-J-G-
Name;-N-V-N-
Night;-N-T-
Nose;-N-S-
Sun;-S-L-
Three;-T-R-
Tongue;-T-N-G-
Tooth;-T-N-
Two;-T-
Water;-V-N-
Who;-V-M-
Wind;-V-N-D-
You (thou);-D-
Death;-D-D-
Ear;-R-
Eye;-G-
Four;-F-R-
Hand;-H-N-D-
I;-G-
Name;-N-M-N-
Night;-N-T-
Nose;-N-S-
Sun;-S-L-
Three;-T-R-
Tongue;-T-N-G-
Tooth;-T-N-
Two;-T-
Water;-V-T-N-
Who;-K-V-N-
Wind;-V-N-D-
You (thou);-D-
Death;-S-M-R-T-
Ear;-KH-
Eye;-K-
Four;-CH-T-R-
Hand;-R-K-
I;-Z-
Name;-M-
Night;-N-CH-
Nose;-N-S-
Sun;-S-L-N-C-
Three;-T-R-
Tongue;-J-Z-K-
Tooth;-Z-B-
Two;-D-V-
Water;-V-D-
Who;-K-T-
Wind;-V-T-R-
You (thou);-T-
Death;-M-W-T-
Ear;-M-S-D-R-
Eye;-J-R-T-
Four;-J-F-D-W-
Hand;-D-T-
I;-J-N-K-
Name;-M-
Night;-G-R-H-
Nose;-F-N-D-
Sun;-R-
Three;-KH-M-T-W-
Tongue;-N-S-
Tooth;-B-KH-
Two;-S-N-W-
Water;-M-W-
Who;-M-
Wind;-T-W-
You (thou);-N-T-K-
Death;-D-TH-
Ear;-R-
Eye;-G-
Four;-F-R-
Hand;-H-N-D-
I;-K-
Name;-N-M-
Night;-N-KH-T-
Nose;-N-S-
Sun;-S-N-
Three;-TH-R-
Tongue;-T-N-G-
Tooth;-T-TH-
Two;-T-W-
Water;-W-T-R-
Who;-H-W-
Wind;-W-N-D-
You (thou);-TH-
Death;-T-T-
Ear;-R-
Eye;-G-
Four;-F-R-
Hand;-H-N-T-
I;-KH-
Name;-N-M-
Night;-N-H-T-
Nose;-N-S-
Sun;-S-N-
Three;-D-R-
Tongue;-C-N-G-
Tooth;-Z-N-
Two;-C-V-N-
Water;-V-Z-R-
Who;-V-R-
Wind;-V-N-T-
You (thou);-D-
Death;-M-R-
Ear;-K-L-S-
Eye;-S-L-
Four;-K-TH-R-
Hand;-L-M-
I;-M-
Name;-N-M-
Night;-D-G-
Nose;-S-R-N-
Sun;-G-R-N-
Three;-T-R-
Tongue;-T-N-G-
Tooth;-F-K-L-
Two;-D-
Water;-S-K-
Who;-K-
Wind;-G-TH-
You (thou);-T-
Death;-D-TH-
Ear;-R-
Eye;-G-
Four;-F-R-
Hand;-H-N-D-
I;-K-
Name;-N-F-N-
Night;-N-T-
Nose;-N-S-
Sun;-S-L-
Three;-TH-R-R-
Tongue;-T-N-G-
Tooth;-T-N-
Two;-T-V-R-
Water;-V-T-N-
Who;-H-V-R-
Wind;-V-N-D-
You (thou);-TH-
Death;-M-R-
Ear;-G-SH-
Eye;-CH-SH-
Hand;-D-S-T-
I;-M-M-
Name;-N-M-
Night;-KH-SH-P-
Nose;-N-H-
Three;-CH-
Tongue;-H-Z-N-
Two;-D-V-
Water;-P-
Who;-K-
Wind;-V-T-
You (thou);-T-V-M-
Death;-M-R-
Ear;-K-N-
Eye;-KH-
Four;-C-R-
Hand;-H-T-
I;-M-
Name;-N-M-
Night;-R-T-
Nose;-N-K-
Sun;-S-R-ZH-
Three;-T-N-
Tongue;-ZH-B-
Tooth;-D-N-T-
Two;-D-
Water;-P-N-
Who;-K-H-
Wind;-P-B-N-
You (thou);-T-M-
Death;-D-
Ear;-G-R-
Eye;-J-
Four;-F-R-
Hand;-H-R-K-
I;-N-
Name;-M-K-
Night;-L-K-N-
Nose;-F-N-
Sun;-D-
Three;-S-D-
Tongue;-R-B-
Tooth;-L-K-
Two;-L-M-
Water;-M-D-
Who;-N-
Wind;-B-B-
You (thou);-S-
Death;-B-
Ear;-SH-N-
Eye;-J-SH-
Four;-D-J-N-
Hand;-N-L-
I;-B-
Name;-G-R-B-
Night;-D-L-B-
Nose;-N-K-T-
Sun;-SH-W-N-
Three;-L-N-
Tongue;-N-
Tooth;-K-T-
Two;-ZH-R-
Water;-M-
Who;-N-
Wind;-D-N-
You (thou);-SH-
Four;-P-T-R-
Hand;-M-N-
I;-V-
Name;-N-M-N-
Three;-T-R-
Tongue;-F-N-G-
Tooth;-D-N-T-
Two;-D-V-
Water;-P-
Who;-P-
You (thou);-T-
Death;-M-L-
Ear;-R-S-
Eye;-C-S-T-
Four;-C-P-R-
Hand;-K-KH-
I;-Z-
Name;-N-M-
Night;-KH-S-V-
Nose;-F-ZH-
Sun;-KH-R-
Three;-R-T-
Tongue;-V-Z-G-
Tooth;-D-N-D-G-
Two;-D-V-
Water;-D-N-
Who;-K-
Wind;-D-N-G-
You (thou);-D-
Death;-M-R-D-
Ear;-KH-S-
Eye;-C-S-T-
Four;-C-P-R-
Hand;-K-KH-
I;-Z-
Name;-N-M-
Night;-KH-S-V-
Nose;-F-N-Z-
Sun;-KH-R-
Three;-R-T-
Tongue;-V-Z-G-
Tooth;-D-N-D-G-
Two;-D-V-
Water;-D-N-
Who;-CH-
Wind;-V-D-
You (thou);-D-
Death;-M-R-G-
Ear;-G-V-G-
Eye;-S-T-R-G-
Four;-C-L-R-
Hand;-L-S-
I;-Z-
Name;-N-M-
Night;-SH-P-
Nose;-P-Z-
Sun;-L-M-R-
Three;-D-R-
Tongue;-ZH-B-
Tooth;-G-Z-
Two;-D-V-
Water;-B-
Who;-C-K-
Wind;-B-D-
You (thou);-T-
Death;-T-D-
Ear;-R-
Eye;-K-
Four;-F-R-
Hand;-H-N-T-
I;-KH-
Name;-N-M-
Night;-N-KH-T-
Nose;-N-Z-
Sun;-S-N-
Three;-D-R-
Tongue;-Z-N-G-
Tooth;-Z-W-
Two;-C-V-
Water;-V-S-R-
Who;-V-R-
Wind;-V-N-T-
You (thou);-D-
Death;-M-R-
Ear;-G-SH-
Eye;-CH-SH-M-
Four;-CH-H-R-
Hand;-D-S-T-
I;-M-N-
Name;-N-M-
Night;-SH-B-
Nose;-D-M-G-
Sun;-F-T-B-
Three;-S-
Tongue;-Z-B-N-
Tooth;-D-N-D-
Two;-D-
Water;-B-
Who;-K-
Wind;-B-D-
You (thou);-T-
Death;-M-V-T-
Eye;-7-N-
Four;-R-B-
Hand;-J-D-
I;-N-
Name;-SH-M-
Night;-L-L-
Sun;-SH-M-SH-
Three;-SH-L-SH-
Tongue;-L-SH-N-
Two;-SH-N-M-
Water;-M-J-M-
Who;-M-J-
You (thou);-T-
Four;-D-T-R-
Hand;-Z-R-
Name;-N-M-N-
Water;-V-D-
Who;-K-N-
Death;-SH-M-R-CH-
Ear;-KH-
Eye;-K-
Four;-CH-T-R-
Hand;-R-K-
I;-J-
Name;-M-
Night;-N-C-
Nose;-N-S-
Sun;-S-L-N-C-
Three;-T-ZH-
Tongue;-J-Z-K-
Tooth;-Z-B-
Two;-D-V-
Water;-V-D-
Who;-K-T-
Wind;-V-T-R-
You (thou);-T-
Death;-M-R-
Ear;-R-L-
Eye;-L-
Four;-K-T-R-
Hand;-M-N-
I;-#-
Name;-N-M-
Night;-N-CH-
Nose;-N-R-Z-
Sun;-S-L-
Three;-T-R-S-
Tongue;-L-N-G-
Tooth;-D-N-T-
Two;-D-S-
Water;-G-
Who;-K-M-
Wind;-V-N-T-
You (thou);-T-
Death;-M-R-
Ear;-H-S-
Eye;-H-K-
Four;-K-T-V-R-
Hand;-G-S-R-
I;-G-
Name;-H-N-M-N-
Night;-N-K-T-
Nose;-N-S-
Sun;-S-H-L-
Three;-T-R-J-
Tongue;-D-N-G-
Tooth;-H-D-N-T-
Two;-D-V-
Water;-V-D-R-
Who;-K-
Wind;-K-V-R-
You (thou);-T-
Death;-M-R-
Ear;-R-L-H-
Eye;-#-
Four;-K-T-R-
Hand;-M-N-
I;-#-
Name;-N-M-
Night;-N-CH-
Nose;-N-S-
Sun;-S-L-H-
Three;-T-R-S-
Tongue;-L-N-G-
Tooth;-D-N-T-
Two;-D-S-
Water;-G-
Who;-K-
Wind;-V-N-T-
You (thou);-T-
Death;-L-T-V-
Ear;-S-
Eye;-K-S-
Four;-K-T-R-
Hand;-R-N-K-
I;-S-
Name;-M-N-S-
Night;-N-K-C-
Nose;-N-S-
Sun;-S-L-
Three;-T-R-S-
Tongue;-N-Z-V-
Tooth;-D-N-T-
Two;-D-V-
Water;-N-D-N-
Who;-K-S-
Wind;-V-T-R-
You (thou);-T-
Death;-M-T-
Ear;-K-N-
Eye;-KH-
Four;-CH-R-
Hand;-H-TH-
I;-M-N-
Name;-N-M-
Night;-R-T-
Nose;-N-K-
Sun;-S-R-ZH-
Three;-T-N-
Tongue;-ZH-B-
Tooth;-D-N-D-
Two;-D-
Water;-P-N-
Who;-K-N-
Wind;-H-V-
You (thou);-T-N-
Death;-M-R-
Ear;-R-K-
Eye;-K-
Four;-P-T-R-
Hand;-M-N-
I;-#-
Name;-N-M-
Night;-N-P-T-
Nose;-N-S-
Sun;-S-R-
Three;-T-R-
Tongue;-L-M-B-
Tooth;-D-N-T-
Two;-D-
Water;-P-
Who;-CH-N-
Wind;-V-N-T-
You (thou);-T-
Death;-M-R-
Ear;-R-L-
Eye;-L-
Four;-K-T-R-
Hand;-M-N-
I;-J-
Name;-N-M-
Night;-N-T-
Nose;-N-S-
Sun;-S-L-L-
Three;-T-R-S-
Tongue;-L-N-G-
Tooth;-D-N-T-
Two;-D-S-
Water;-#-
Who;-T-
Wind;-V-N-T-
You (thou);-T-
Death;-S-M-R-T-
Ear;-KH-
Eye;-K-
Four;-CH-T-R-
Hand;-R-K-
I;-J-
Name;-M-
Night;-N-CH-
Nose;-N-S-
Sun;-S-L-N-C-
Three;-T-R-
Tongue;-J-Z-K-
Tooth;-Z-B-
Two;-D-V-
Water;-V-D-
Who;-K-T-
Wind;-V-T-R-
You (thou);-T-
Death;-M-T-
Four;-R-B-
I;-N-
Night;-L-
Three;-T-L-T-
Two;-TH-T-N-
Water;-M-
You (thou);-T-
Death;-M-R-
Ear;-G-V-
Eye;-C-M-
Four;-C-H-R-
Hand;-D-S-T-
I;-Z-
Name;-N-M-
Night;-SH-V-
Sun;-R-M-Z-D-
Three;-D-R-
Tongue;-B-SH-
Tooth;-D-N-D-
Two;-D-V-
Water;-C-
Who;-K-J-
Wind;-B-T-
Death;-J-P-M-N-
Ear;-B-L-
Eye;-CH-L-B-N-
Four;-N-L-
Hand;-G-H-T-
I;-M-N-
Name;-N-M-
Night;-D-
Nose;-N-N-
Sun;-B-V-SH-
Three;-G-L-B-M-
Tongue;-N-V-CH-
Tooth;-B-T-N-
Two;-G-K-T-
Water;-CH-H-C-
Who;-G-
Wind;-B-G-
You (thou);-D-N-
Death;-T-
Ear;-T-L-G-
Eye;-M-T-
Four;-F-
Hand;-L-M-
I;-#-
Name;-G-
Night;-P-
Nose;-S-
Sun;-L-
Three;-T-L-
Tongue;-L-L-
Tooth;-N-F-
Two;-L-
Water;-V-
Who;-#-
Wind;-M-T-G-
You (thou);-#-
Death;-M-R-
Ear;-K-R-N-
Eye;-K-SH-
Four;-CH-T-R-
Hand;-H-S-T-
I;-H-M-
Name;-N-M-
Night;-R-T-R-
Nose;-N-S-K-
Sun;-S-R-
Three;-T-R-
Tongue;-ZH-V-R-
Tooth;-D-N-T-
Two;-D-V-
Water;-V-R-
Who;-K-
Wind;-V-T-
You (thou);-T-V-M-
Death;-M-R-T-
Ear;-K-R-N-
Eye;-K-S-
Four;-CH-T-R-
Hand;-H-S-T-
I;-H-M-
Name;-N-M-
Night;-R-T-R-
Nose;-N-S-
Sun;-S-R-S-
Three;-T-R-
Tongue;-ZH-H-V-
Tooth;-D-N-
Two;-D-V-
Water;-V-R-
Who;-K-
Wind;-V-T-
You (thou);-T-V-M-
Death;-M-R-
Ear;-R-C-
Eye;-J-
Four;-B-T-R-
Hand;-M-N-
I;-G-
Name;-N-M-N-
Night;-N-T-
Nose;-N-S-
Sun;-S-L-
Three;-T-R-S-
Tongue;-L-M-B-
Tooth;-D-N-T-
Two;-D-S-
Water;-B-
Who;-CH-N-
Wind;-B-N-T-
You (thou);-T-
Death;-M-R-
Ear;-R-K-R-
Eye;-K-R-
Four;-B-T-R-
Hand;-M-N-
I;-ZH-
Name;-N-M-N-
Night;-N-T-
Nose;-N-R-
Sun;-S-L-
Three;-T-R-S-
Tongue;-L-M-B-
Tooth;-D-N-T-
Two;-D-S-
Water;-B-
Who;-K-
Wind;-V-N-T-
You (thou);-T-
Death;-M-R-
Ear;-G-V-L-
Eye;-C-M-
Four;-C-V-R-
Hand;-D-S-T-
I;-Z-
Name;-N-M-
Night;-KH-B-
Nose;-N-Z-
Sun;-KH-R-
Three;-R-
Tongue;-Z-V-
Tooth;-D-N-D-N-
Two;-D-V-
Water;-KH-C-
Who;-CH-
Wind;-SH-M-L-
You (thou);-T-V-
Death;-T-D-
Ear;-R-
Eye;-G-
Four;-F-R-
Hand;-H-N-G-
I;-G-
Name;-N-M-
Night;-N-KH-T-
Nose;-N-S-
Sun;-S-N-
Three;-D-R-
Tongue;-Z-N-G-
Tooth;-Z-N-G-
Two;-C-V-
Water;-V-S-R-
Who;-V-R-
Wind;-V-N-D-
You (thou);-D-
Death;-D-TH-
Ear;-R-
Eye;-J-
Four;-F-R-
Hand;-H-N-D-
I;-#-
Name;-N-M-
Night;-N-KH-T-
Nose;-N-S-
Sun;-S-N-
Three;-TH-R-
Tongue;-T-N-G-
Tooth;-T-TH-
Two;-T-W-
Water;-W-T-R-
Who;-W-
Wind;-W-N-D-
You (thou);-TH-
Death;-M-R-
Ear;-K-L-S-
Eye;-S-L-
Four;-K-TH-R-
Hand;-L-V-
I;-M-
Name;-N-M-
Night;-D-KH-
Nose;-S-R-N-
Sun;-G-R-N-
Three;-T-R-
Tongue;-CH-N-K-
Tooth;-F-K-L-
Two;-Z-
Water;-S-K-
Who;-K-
Wind;-G-TH-
You (thou);-TH-
Death;-S-M-R-T-
Ear;-KH-
Eye;-K-
Four;-CH-T-R-
Hand;-R-K-
I;-J-
Name;-M-
Night;-N-CH-
Nose;-N-S-
Sun;-S-N-C-
Three;-T-R-
Tongue;-J-Z-K-
Tooth;-Z-B-
Two;-D-V-
Water;-V-D-
Who;-K-
Wind;-V-T-R-
You (thou);-T-
Death;-T-
Ear;-H-
Eye;-T-
Four;-S-
Hand;-M-
I;-K-
Name;-C-
Night;-K-N-
Nose;-K-L-N-
Sun;-W-N-
Three;-S-M-
Tongue;-L-N-
Tooth;-K-W-
Two;-S-N-
Water;-N-M-
Who;-P-L-
Wind;-L-M-
You (thou);-M-
Death;-SH-B-
Ear;-H-J-
Eye;-B-
Hand;-K-CH-
I;-N-T-
Name;-S-M-
Night;-G-T-
Nose;-S-N-T-
Sun;-C-C-
Tongue;-J-R-B-
Tooth;-C-
Two;-T-G-N-
Water;-H-J-
Wind;-N-R-
You (thou);-J-T-
Death;-M-R-N-
Ear;-K-N-
Eye;-KH-
Four;-CH-H-R-
Hand;-H-T-
I;-M-N-
Name;-N-L-
Night;-R-T-
Nose;-N-K-
Sun;-S-R-
Three;-T-R-
Tongue;-Z-B-N-
Tooth;-D-N-D-
Two;-B-
Water;-P-N-
Who;-K-R-
Wind;-H-V-
You (thou);-T-
Death;-M-R-N-V-
Ear;-K-N-
Eye;-S-
Four;-H-T-R-
Hand;-T-
I;-M-
Name;-N-M-
Night;-R-
Nose;-N-H-J-
Sun;-R-
Three;-T-N-
Tongue;-D-V-
Tooth;-D-T-
Two;-D-K-
Water;-V-T-R-
Who;-K-V-D-
Wind;-S-L-N-G-
You (thou);-M-B-
Death;-S-M-R-T-
Ear;-KH-
Eye;-K-
Four;-SH-T-R-
Hand;-R-K-
I;-J-
Name;-M-N-
Night;-N-C-
Nose;-N-S-
Sun;-S-L-N-K-
Three;-T-R-
Tongue;-J-Z-K-
Tooth;-Z-B-
Two;-D-V-
Water;-V-D-
Who;-K-T-
Wind;-V-T-R-
You (thou);-T-
Death;-S-M-R-T-
Ear;-KH-
Eye;-K-
Four;-SH-T-R-
Hand;-R-K-
I;-J-Z-
Name;-M-
Night;-N-CH-
Nose;-N-S-
Sun;-S-N-C-
Three;-T-R-
Tongue;-J-Z-K-
Tooth;-Z-B-
Two;-D-V-
Water;-V-D-
Who;-K-D-
Wind;-V-T-R-
You (thou);-T-
Death;-M-R-
Ear;-G-V-SH-
Eye;-C-SH-M-
Four;-C-T-F-R-
Hand;-D-S-T-
I;-Z-W-
Name;-N-M-
Night;-G-SH-P-
Nose;-N-S-
Sun;-G-V-R-
Three;-T-R-
Tongue;-Z-B-K-
Tooth;-D-N-T-
Two;-D-V-
Water;-P-P-
Who;-K-
Wind;-V-D-
You (thou);-T-V-
Death;-D-M-
Ear;-D-G-
Eye;-N-D-
Four;-F-R-
Hand;-G-C-N-
I;-N-
Name;-M-G-
Night;-H-B-N-
Nose;-S-N-
Sun;-D-D-
Three;-S-D-H-
Tongue;-C-R-B-
Tooth;-L-G-
Two;-L-B-
Water;-B-J-
Who;-K-M-
Wind;-D-B-
You (thou);-D-
Death;-M-R-
Ear;-R-KH-
Eye;-KH-
Four;-K-T-R-
Hand;-M-N-
I;-J-
Name;-N-M-B-R-
Night;-N-CH-
Nose;-N-R-Z-
Sun;-S-L-
Three;-T-R-S-
Tongue;-L-N-G-
Tooth;-D-N-T-
Two;-D-S-
Water;-G-
Who;-K-N-
Wind;-V-N-T-
You (thou);-T-
Death;-D-
Ear;-J-S-
Eye;-H-
Four;-F-
Hand;-H-N-
I;-M-
Name;-N-M-
Night;-N-T-
Nose;-N-S-
Sun;-Z-N-
Three;-D-R-
Tongue;-T-N-G-
Tooth;-T-F-
Two;-T-
Water;-W-T-R-
Who;-H-S-M-
Wind;-V-N-T-
You (thou);-J-
Death;-G-
Ear;-N-SH-T-G-
Eye;-G-
Four;-L-M-
Hand;-SH-
I;-G-
Name;-M-
Night;-G-
Nose;-K-R-
Sun;-D-
Three;-SH-
Tongue;-M-
Tooth;-Z-
Two;-M-N-
Water;-#-
Who;-M-
You (thou);-Z-
Death;-K-F-
Ear;-S-K-
Eye;-J-SH-
Four;-N-
Hand;-M-K-N-
I;-M-M-
Name;-J-N-
Night;-S-K-
Nose;-P-
Sun;-ZH-
Three;-T-T-
Tongue;-L-M-
Tooth;-J-N-
Two;-M-B-L-
Water;-M-J-
Who;-N-N-
Wind;-P-P-
You (thou);-W-W-
Death;-D-D-
Ear;-R-
Eye;-G-
Four;-F-R-
Hand;-H-N-D-
I;-J-G-
Name;-N-M-N-
Night;-N-T-
Nose;-N-S-
Sun;-S-L-
Three;-T-R-
Tongue;-T-N-G-
Tooth;-T-N-D-
Two;-T-V-
Water;-V-T-N-
Who;-V-M-
Wind;-V-N-D-
You (thou);-D-
Death;-M-T-
Ear;-T-N-G-
Eye;-M-T-
Four;-P-T-
Hand;-K-M-
I;-K-
Name;-N-G-L-N-
Night;-G-B-
Nose;-L-N-G-
Sun;-R-W-
Three;-T-T-L-
Tongue;-D-L-
Tooth;-N-G-P-N-
Two;-D-L-W-
Water;-T-B-G-
Who;-S-N-
Wind;-H-N-G-N-
You (thou);-K-W-
Death;-P-H-
Ear;-T-R-
Eye;-M-T-
Four;-M-H-
Hand;-R-M-
I;-V-
Name;-N-N-
Night;-P-
Nose;-H-
Sun;-M-H-N-
Three;-T-R-
Tongue;-R-R-
Tooth;-N-H-
Two;-P-T-
Water;-V-
Who;-V-
Wind;-M-T-
You (thou);-#-
Death;-M-R-G-
Ear;-G-SH-
Eye;-CH-SH-M-
Four;-CH-KH-R-
Hand;-D-S-T-
I;-M-N-
Name;-N-M-
Night;-SH-B-
Nose;-B-N-
Sun;-F-T-B-
Three;-S-
Tongue;-Z-B-N-
Tooth;-D-N-D-
Two;-D-
Water;-B-
Who;-K-
Wind;-SH-M-L-
You (thou);-T-
Death;-M-T-
Ear;-T-D-R-G-
Eye;-SH-T-
Four;-K-Z-
Hand;-F-S-
I;-N-K-
Name;-S-M-
Night;-H-D-
Nose;-T-Z-R-
Sun;-T-F-K-
Three;-K-R-D-
Tongue;-L-S-
Tooth;-SH-N-
Two;-S-N-
Water;-M-N-
Who;-M-
Wind;-D-
You (thou);-K-J-
Death;-R-P-
Ear;-K-T-
Eye;-K-N-
Four;-N-N-K-
Hand;-K-
I;-N-N-
Name;-P-J-R-
Night;-R-V-
Nose;-M-K-
Sun;-C-R-J-N-
Three;-M-N-R-
Tongue;-N-K-
Tooth;-P-L-
Two;-R-N-D-
Water;-N-R-
Who;-J-R-
Wind;-K-R-
You (thou);-N-
Death;-M-T-
Ear;-M-Z-H-
Eye;-T-T-
Hand;-F-S-
I;-N-K-
Name;-S-M-
Night;-D-
Nose;-T-N-H-R-
Sun;-T-F-K-T-
Tongue;-L-S-
Tooth;-H-S-
Two;-S-N-
water;-M-N-
You (thou);-K-
Death;-L-R-G-
Ear;-K-L-K-
Eye;-K-Z-
Four;-D-R-T-
Hand;-K-L-
I;-M-N-
Name;-T-
Night;-T-N-
Nose;-B-R-N-
Sun;-K-J-SH-
Three;-CH-
Tongue;-T-L-
Tooth;-T-SH-
Two;-K-
Water;-S-
Who;-K-M-
Wind;-ZH-L-
You (thou);-S-N-
Death;-M-T-
Ear;-G-D-L-G-
Eye;-M-T-
Four;-P-T-
Hand;-K-M-T-
I;-K-
Name;-N-N-
Night;-D-M-
Nose;-L-N-G-
Sun;-S-G-
Three;-T-L-
Tongue;-D-L-
Tooth;-P-N-
Two;-D-H-
Water;-T-B-G-
Who;-N-G-
Wind;-H-N-G-
You (thou);-K-W-
Death;-M-R-N-M-
Ear;-C-V-
Eye;-K-N-
Four;-N-L-G-
Hand;-C-J-
I;-N-N-
Name;-P-R-
Night;-R-T-R-
Nose;-M-K-
Sun;-S-R-D-
Three;-M-D-
Tongue;-N-L-K-
Tooth;-P-N-
Two;-R-M-D-
Water;-N-R-
Who;-V-R-
Wind;-G-L-
You (thou);-N-V-
Death;-T-
Ear;-H-
Eye;-T-
Four;-S-
Hand;-M-
I;-K-
Name;-CH-
Night;-K-N-K-N-
Nose;-C-M-K-
Sun;-T-W-N-
Three;-S-M-
Tongue;-L-N-
Tooth;-F-N-
Two;-S-N-
Water;-N-M-
Who;-P-D-
Wind;-L-M-
You (thou);-M-N-
Death;-SH-W-
Ear;-M-D-
Eye;-M-K-
Four;-SH-
Hand;-L-K-W-
I;-N-G-
Name;-M-N-
Night;-C-M-N-
Nose;-N-
Sun;-N-M-
Three;-S-M-
Tongue;-CH-L-
Tooth;-S-
Two;-N-
Water;-CH-
Who;-S-
You (thou);-CH-
Death;-M-T-
Ear;-Z-N-
Eye;-J-N-
Four;-R-B-T-
Hand;-D-
I;-N-
Name;-S-M-
Night;-L-J-T-
Nose;-F-N-CH-
Sun;-SH-H-
Three;-S-L-S-T-
Tongue;-L-S-N-
Tooth;-S-N-
Two;-K-L-T-
Water;-M-
Who;-M-N-
Wind;-N-F-S-
You (thou);-N-S-K-
Death;-M-TH-
Ear;-M-Z-KH-
Eye;-TH-T-
Hand;-F-S-
I;-N-SH-
Name;-S-M-
Nose;-N-Z-
Sun;-TH-F-SH-TH-
Tongue;-R-S-
Tooth;-TH-M-S-TH-
Water;-M-N-
Wind;-TH-M-TH-
You (thou);-SH-K-
Death;-W-L-
Ear;-K-L-C-
Eye;-K-
Four;-S-T-V-R-
Hand;-C-R-
I;-N-S-
Name;-N-M-
Night;-N-K-C-
Nose;-M-L-N-
Sun;-K-M-
Three;-T-R-
Tongue;-K-N-T-
Tooth;-K-M-
Two;-V-
Water;-V-R-
Who;-K-S-
Wind;-V-N-T-
You (thou);-T-
Death;-S-R-K-T-
Ear;-K-L-C-
Eye;-K-
Four;-SH-T-V-R-
Hand;-C-R-
I;-N-S-
Name;-N-M-
Night;-N-K-C-
Nose;-M-L-
Sun;-K-M-
Three;-T-R-
Tongue;-K-N-T-W-
Tooth;-K-M-
Two;-V-
Water;-V-R-
Who;-K-S-
Wind;-J-N-T-
You (thou);-T-W-
Death;-TH-N-T-
Ear;-V-T-N-
Eye;-P-S-L-
Hand;-KH-R-
I;-Z-
Name;-N-M-
Night;-N-T-
Nose;-S-K-
Sun;-L-
Tongue;-G-R-S-
Tooth;-N-T-
Two;-D-
Water;-J-
Who;-P-
Wind;-N-M-
You (thou);-T-
Death;-L-M-
Ear;-K-L-K-
Eye;-G-Z-
Four;-D-R-T-
Hand;-L-
I;-B-N-
Name;-D-
Night;-G-ZH-
Nose;-B-R-N-
Sun;-G-N-SH-
Three;-CH-
Tongue;-D-L-
Tooth;-D-SH-
Two;-K-
Water;-S-
Who;-K-M-
Wind;-J-L-
You (thou);-S-N-
Death;-L-M-
Ear;-G-L-K-
Eye;-K-Z-
Four;-D-R-T-
Hand;-L-
I;-M-N-
Name;-T-
Night;-G-J-
Nose;-B-R-N-
Sun;-G-N-
Three;-CH-
Tongue;-D-L-
Tooth;-D-SH-
Two;-K-
Water;-S-
Who;-K-M-
Wind;-J-L-
You (thou);-S-N-
Death;-L-R-
Ear;-K-L-K-
Eye;-K-R-K-
Four;-D-R-T-
Hand;-KH-L-
I;-M-N-
Name;-T-
Night;-D-N-
Nose;-D-M-CH-K-
Sun;-KH-N-
Three;-SH-
Tongue;-D-L-
Tooth;-D-SH-
Two;-J-
Water;-S-G-
Who;-K-M-
Wind;-S-L-G-N-
You (thou);-S-N-
Death;-S-M-R-T-
Ear;-V-KH-
Eye;-K-
Four;-CH-T-R-
Hand;-R-K-
I;-J-
Name;-M-
Night;-N-CH-
Nose;-N-S-
Sun;-S-N-C-
Three;-T-R-
Tongue;-J-Z-K-
Tooth;-Z-B-
Two;-D-V-
Water;-V-D-
Who;-KH-T-
Wind;-V-T-R-
You (thou);-T-
Four;-P-T-R-
Hand;-M-N-
Name;-N-M-
Three;-T-R-
Two;-D-R-
Water;-T-R-
Who;-P-S-
You (thou);-T-
Hand;-SH-
I;-SH-
Name;-T-N-
Sun;-SH-V-
Three;-SH-SH-N-
Water;-N-K-D-
Who;-L-
Death;-M-T-
Ear;-K-N-
Eye;-N-KH-
Four;-CH-R-
Hand;-H-TH-
I;-M-N-
Name;-N-M-
Night;-R-T-
Nose;-N-K-
Sun;-S-R-ZH-
Three;-T-N-
Tongue;-Z-B-N-
Tooth;-D-N-T-
Two;-D-
Water;-P-N-
Who;-K-N-
Wind;-H-V-
You (thou);-T-
Death;-L-M-
Ear;-K-L-K-
Eye;-K-Z-
Four;-T-R-T-
Hand;-K-L-
Name;-T-
Night;-T-N-
Nose;-B-R-N-
Sun;-K-N-
Three;-CH-
Tongue;-T-L-
Tooth;-CH-SH-
Two;-K-
Water;-S-
Who;-K-M-
Wind;-S-L-K-N-
You (thou);-S-N-
Death;-L-M-
Ear;-K-L-K-
Eye;-K-Z-
Four;-T-R-T-
Hand;-K-L-
I;-M-N-
Name;-T-
Night;-T-N-
Nose;-B-R-N-
Sun;-K-N-
Three;-CH-
Tongue;-T-L-
Tooth;-T-SH-
Two;-K-
Water;-S-V-
Who;-K-M-
Wind;-J-L-
You (thou);-S-N-
Death;-K-L-D-
Ear;-K-R-V-
Eye;-S-L-M-
Four;-N-L-
Hand;-K-Z-
I;-M-N-
Name;-N-M-
Night;-#-
Nose;-N-N-
Sun;-P-V-N-
Three;-K-M-
Tongue;-K-L-
Tooth;-H-M-B-Z-
Two;-K-K-S-
Water;-V-Z-
Who;-K-N-
Wind;-T-L-
You (thou);-S-N-
Death;-CH-T-
Ear;-T-
Eye;-M-T-
Four;-B-N-
Hand;-T-J-
I;-T-
Name;-T-N-
Night;-D-M-
Nose;-M-
Sun;-M-T-CH-
Three;-B-
Tongue;-L-
Tooth;-R-N-
Two;-H-
Water;-N-K-
Who;-#-
Wind;-ZH-
You (thou);-B-N-
Death;-M-R-
Ear;-R-K-L-
Eye;-K-L-
Four;-P-T-R-
Hand;-M-N-
I;-#-
Name;-N-M-
Night;-N-P-T-
Nose;-N-S-
Sun;-S-R-
Three;-T-R-
Tongue;-L-M-B-
Tooth;-D-N-C-
Two;-D-
Water;-P-
Who;-K-R-
Wind;-V-N-T-
You (thou);-T-
Death;-M-R-
Ear;-G-SH-
Eye;-C-Z-M-
Four;-C-B-R-
Hand;-D-S-T-
I;-Z-
Name;-N-N-
Night;-N-G-T-
Nose;-M-S-
Sun;-F-T-B-
Three;-T-R-
Tongue;-Z-K-
Tooth;-D-N-D-
Two;-B-
Water;-J-P-K-
Who;-K-
Wind;-S-M-L-
You (thou);-T-
Death;-M-R-
Ear;-R-J-
Eye;-J-
Four;-K-T-
Hand;-M-N-
I;-ZH-
Name;-N-M-
Night;-N-T-
Nose;-N-Z-
Sun;-S-L-
Three;-T-R-S-
Tongue;-L-N-W-
Tooth;-D-N-T-
Two;-D-S-
Water;-W-
Who;-K-
Wind;-V-N-T-
You (thou);-T-
Death;-M-
Ear;-K-M-
Eye;-CH-J-
Four;-F-D-
I;-M-
Name;-N-N-
Night;-C-M-Z-N-
Nose;-C-N-
Sun;-C-N-
Three;-K-J-
Tongue;-SH-N-K-N-
Tooth;-CH-KH-N-
Two;-R-#-
Water;-C-W-R-
Wind;-M-Z-J-
You (thou);-K-
Death;-M-R-L-
Ear;-G-Z-H-
Eye;-S-T-R-G-
Four;-C-L-V-R-
Hand;-L-S-
I;-Z-
Name;-N-M-
Night;-SH-P-
Nose;-P-Z-
Sun;-L-M-R-
Three;-D-R-
Tongue;-Z-H-B-
Tooth;-G-V-SH-
Two;-D-V-
Water;-B-
Who;-C-K-
Wind;-B-D-
You (thou);-T-
Death;-M-R-
Ear;-K-L-S-T-
Eye;-L-G-D-
Four;-P-D-R-
Hand;-L-W-
I;-M-
Name;-N-W-
Night;-N-S-
Nose;-T-R-N-
Sun;-H-L-
Three;-T-R-
Tongue;-T-F-D-
Tooth;-D-N-T-
Two;-D-
Water;-D-R-
Who;-P-
Wind;-G-N-T-
You (thou);-T-
Death;-D-
Ear;-N-P-
Eye;-B-T-
Four;-N-N-T-
Hand;-L-KH-
I;-M-
Name;-T-R-
Night;-G-D-
Nose;-B-K-N-
Sun;-N-ZH-
Three;-N-T-
Tongue;-L-M-N-
Tooth;-B-N-
Two;-N-R-
Water;-N-D-KH-
Who;-K-N-
Wind;-N-G-L-
You (thou);-N-G-
Death;-L-
Ear;-K-L-G-KH-
Eye;-KH-R-KH-
Four;-T-R-T-
Hand;-L-
I;-M-N-
Name;-T-
Night;-T-N-
Nose;-M-R-N-
Sun;-K-N-
Three;-S-
Tongue;-T-L-
Tooth;-T-S-
Two;-K-
Water;-#-
Who;-K-M-
Wind;-T-L-
You (thou);-N-
Death;-T-W-T-
Ear;-W-R-
Eye;-W-G-
Four;-W-R-
Hand;-H-N-T-
I;-K-
Name;-N-M-N-
Night;-N-K-T-
Nose;-N-Z-
Sun;-Z-N-
Three;-D-R-
Tongue;-T-N-G-
Tooth;-C-N-
Two;-C-W-
Water;-W-S-R-
Who;-W-R-
Wind;-W-N-T-
You (thou);-D-
Death;-K-
Ear;-T-
Eye;-ZH-
Four;-M-R-N-
Hand;-W-
I;-M-
Name;-R-K-
Night;-R-
Nose;-M-
Sun;-R-
Three;-M-T-
Tongue;-H-
Tooth;-H-
Two;-M-ZH-
Water;-M-
Who;-T-N-
Wind;-F-F-
You (thou);-J-N-
Death;-T-K-K-K-
Ear;-C-N-
Eye;-N-K-
Four;-C-T-M-N-
Hand;-K-K-
I;-W-N-
Name;-T-K-
Night;-N-K-
Nose;-K-N-K-
Sun;-S-K-N-K-
Three;-P-N-J-N-
Tongue;-L-
Tooth;-H-T-
Two;-M-L-R-K-
Water;-M-K-
Who;-K-N-
Wind;-N-K-
You (thou);-L-P-T-
Death;-M-R-D-
Ear;-G-SH-
Eye;-CH-M-
Four;-CH-R-
Hand;-D-S-T-
I;-Z-
Name;-N-M-
Night;-SH-V-
Nose;-P-R-N-K-
Sun;-R-ZH-
Three;-H-R-
Tongue;-Z-V-N-
Tooth;-D-D-N-
Two;-D-
Water;-V-
Who;-K-M-
Wind;-V-
You (thou);-T-
Death;-K-F-
Ear;-N-L-B-
Eye;-S-
Four;-N-
Hand;-S-N-D-L-
I;-M-N-
Name;-G-M-
Night;-B-S-K-
Nose;-KH-L-
Sun;-L-N-G-
Three;-TH-TH-
Tongue;-L-M-
Tooth;-Z-N-
Two;-B-L-
Water;-M-N-Z-
Who;-B-N-
Wind;-M-J-
You (thou);-W-N-
